VehPower,Policen,Exposure,Schaeden,Frequenz,KI_unten,KI_oben,Anteil_Exposure
4,115109,59836.87457144996,3991,0.06669800233691067,0.06464459267658144,0.0688000405976187,0.1676543774402895
5,124532,67878.61882101954,5109,0.0752667053151342,0.07321682082643823,0.07735943082266934,0.1901861964123135
6,148662,82204.82017216858,6289,0.07650402965213488,0.07462479513032469,0.07841862270042581,0.23032616672013975
7,145082,77620.95123587095,5585,0.07195222309281628,0.07007741654522917,0.07386448594828741,0.21748282056800736
8,46848,22570.566305112658,1637,0.07252808714990854,0.06905681842781292,0.07612865884743847,0.06323950355796036
9,29983,15245.623655962272,1214,0.07962940889762997,0.07521253355809361,0.08423796652320728,0.04271606030621209
10,31294,15310.440824163485,1213,0.07922698072060734,0.07483064190167096,0.08381419108414137,0.04289766875518348
11,18282,8426.448451979939,713,0.08461453292727002,0.07851687739537784,0.09105999894833657,0.023609705208825292
12,8188,3766.388342690321,296,0.07858987790636798,0.06989093835746757,0.08807226694987547,0.010552882270582273
13,3216,1624.0353222546598,139,0.08558927142485134,0.07195261710031105,0.10105861433919114,0.004550315049769605
14,2333,1164.9103907478104,101,0.08670194789417526,0.0706201605260199,0.10535072627092643,0.0032639125578215506
15,2922,1256.4491728422786,96,0.07640579664900685,0.06188894059207253,0.09330455503753562,0.003520391152895312
