VehBrand,Policen,Exposure,Schaeden,Frequenz,KI_unten,KI_oben,Anteil_Exposure
B14,4029,2252.507743094543,130,0.05771345310511707,0.048219438548702566,0.06853003900186723,0.0063112050228661554
B12,165945,64729.258718466954,4199,0.06487020063466362,0.06292277726807445,0.06686257115760219,0.18136213915480645
B2,159398,94388.8871008309,6782,0.07185167881845168,0.0701516960094819,0.07358245111324348,0.26446418228738905
B1,162259,94884.4713810914,6884,0.07255138696353475,0.07084753862018336,0.07428586304896356,0.2658527386679041
B13,12136,6727.42221573471,536,0.07967390522128286,0.07307078224653887,0.08671350560333435,0.018849276327261973
B4,25140,13732.946079796391,1098,0.07995371085126107,0.07529387679370961,0.08482644547167446,0.03847775375834668
B6,28459,15598.413599071786,1250,0.08013635438378065,0.07575493256148211,0.08470509726879469,0.04370452734602371
B10,17638,9421.804123063104,763,0.08098236707471929,0.07533740480378888,0.08693826741614459,0.026398549655703055
B5,34676,19912.522694812487,1659,0.08331440598594746,0.07935309905079835,0.08742226800314161,0.05579204494843867
B3,53244,28431.556331312226,2420,0.08511669117932903,0.0817589130041683,0.08857696705810912,0.07966116062250017
B11,13527,6826.337278987949,662,0.09697733542081091,0.08972968756242639,0.10465452240279183,0.01912642220875995
