DrivAge,Policen,Exposure,Schaeden,Frequenz,KI_unten,KI_oben,Anteil_Exposure
18,747,209.68937719889215,64,0.3052133629988107,0.23505148045475646,0.38975065070352444,0.0005875196898551918
19,2389,911.4743034658283,240,0.26330967212944334,0.23104801451078572,0.2988154733416557,0.0025538208336385376
20,3674,1459.989157871098,313,0.21438515369278835,0.19129001379142446,0.23950033193833337,0.004090681124064601
21,4434,1816.9111378097164,312,0.17172001068589163,0.1531923005800051,0.1918709819331942,0.005090725540988674
22,5289,2222.353356538663,339,0.15254099848819533,0.13673321618848303,0.16967489938840788,0.006226716737986183
23,6253,2667.3345370162438,373,0.13983997688465744,0.1260069453786345,0.15477697952958203,0.007473490459373185
24,7391,3186.1537502807096,367,0.11518590399715212,0.10370134529825886,0.12759479565935533,0.00892714780406038
25,8690,3731.3021783067593,392,0.10505715733210519,0.09491334016799605,0.11598982366930655,0.010454575848520243
26,10288,4441.100506774459,453,0.10200174468220058,0.09282375007365572,0.1118417446628226,0.012443329400902294
27,11810,5181.5285717493825,410,0.07912722941168232,0.07165245237183272,0.0871698606030675,0.014517903100844807
28,13415,5839.32462384909,476,0.08151627639537473,0.07435680503316305,0.08917904601769122,0.01636095370111924
29,14500,6484.444698704993,507,0.07818711139617751,0.07152853182093993,0.08529870523166454,0.0181684880233715
30,15445,7093.885418070215,523,0.07372546484438063,0.067541511563844,0.08032342028108688,0.01987605388679127
31,15984,7484.223278688524,524,0.07001394540060028,0.06414679092837165,0.07627350445184994,0.020969724829366897
32,16636,7785.357161464181,516,0.06627826948699121,0.06068222112557256,0.07225158631234256,0.021813458964956567
33,16878,8047.71283778726,592,0.07356127286504571,0.06775417215805647,0.07973299168173391,0.022548542103855308
34,17026,8222.92516131447,563,0.06846711954143604,0.06292760591075,0.07436360509891206,0.023039462012878043
35,16899,8371.525817052174,585,0.06987973432613666,0.06433103726588758,0.07577897431166823,0.02345581982908007
36,17483,8624.131159517929,597,0.06922436462960416,0.0637820924367248,0.07500686528533033,0.024163583924923973
37,17232,8763.449380941687,620,0.07074839746873475,0.06528835991893803,0.07654316999004983,0.024553933685772498
38,17304,8829.540665468972,594,0.06727416776311436,0.06197215055804584,0.07290850970849086,0.024739112026737148
39,17284,8723.93758514859,592,0.06785926586726226,0.06250229506665504,0.07355259187601647,0.024443227276510937
40,16960,8652.045963769744,597,0.0690010203944737,0.06357630704993905,0.07476486449491035,0.024241797220015404
41,16932,8794.93062878958,631,0.07174587573601393,0.06625636739556218,0.07756888216097456,0.024642139646507955
42,16912,8734.683246500486,619,0.07086690868246422,0.06539339773343347,0.07667626058810831,0.0244733350850661
43,16694,8730.522424582678,647,0.07410782179291256,0.06850675726842467,0.08004478979271992,0.024461677056245808
44,16441,8707.515644883599,692,0.07947157699413478,0.07365992932257942,0.08561987105388741,0.024397215345052164
45,16669,8676.239587543978,709,0.08171742986649125,0.0758122732621235,0.08796039519117858,0.0243095842988183
46,16351,8614.043861816004,615,0.07139503929462768,0.06586319468333572,0.07726744297190652,0.02413532075729727
47,16131,8679.077874092372,721,0.08307334148391884,0.07711943699908919,0.0893649091721951,0.024317536772400453
48,16029,8766.81953289917,649,0.07402912738930044,0.06844246919255365,0.07995029162854987,0.024563376370276953
49,16194,8915.237288719216,675,0.0757130716928985,0.07010832023571338,0.08164667750460404,0.024979221727029044
50,16461,9124.687380791975,693,0.07594780742393514,0.07039778084681986,0.0818190863338132,0.02556607097413234
51,16964,9532.211966464556,731,0.07668734209559587,0.07122815265733302,0.08245394785087867,0.026707896665929882
52,17151,9482.597074631334,726,0.07656130428047588,0.07109269809617984,0.0823389482427636,0.026568882824354087
53,16241,8945.369341268059,664,0.07422834929092756,0.06868905679897658,0.08009542279192078,0.025063647435210747
54,15469,8722.419842054045,611,0.07004936830191785,0.06460441077229476,0.07583066808211092,0.024438974777103967
55,14536,8096.709513436635,528,0.0652116763141588,0.05976723758396734,0.07101881585860163,0.0226858237919694
56,13214,7446.114272774908,504,0.06768631013933885,0.06190525356714707,0.07386189108050654,0.020862948837019793
57,11977,6733.390464855153,445,0.06608854815752509,0.06009003405482744,0.07252375735336795,0.018865998508991264
58,10677,6063.027892057788,381,0.06283988904274837,0.05668765089692106,0.06947771511692968,0.016987738312305836
59,9560,5407.107972153604,328,0.06066089334431405,0.05427300108117321,0.06759398916569627,0.01514994436651894
60,8889,4959.2076704843175,304,0.06130011489724754,0.05460219919637431,0.06859289052066789,0.013894991684422956
61,8439,4746.773354292986,325,0.0684675622243623,0.061225321097146505,0.07633090304434412,0.013299781067506735
62,7924,4454.678664570702,306,0.06869182337071877,0.061210113567559524,0.07683572529854854,0.012481373459994933
63,7005,4065.052064525788,237,0.05830183629582797,0.051114908375244926,0.0662162689546626,0.011389695367973159
64,6615,3946.359242458268,236,0.05980195554953856,0.05241502291878098,0.06793830719421011,0.011057135030674799
65,6156,3720.401663298151,243,0.0653155282659936,0.05736076344037025,0.07406498406470942,0.010424034162133122
66,6054,3636.545498914589,210,0.05774711193980093,0.050200418722469,0.06610810287151217,0.01018908116475574
67,5769,3598.4589235721237,199,0.05530145104517586,0.04788446862184341,0.0635418510644143,0.010082368019665765
68,5564,3483.2500269481247,201,0.05770472933179237,0.05000262514942039,0.06625738846575849,0.009759569143932119
69,5234,3317.8846769967813,205,0.06178635484870376,0.05361741665008866,0.07084804038048463,0.00929623904865478
70,4956,3215.994415749682,194,0.060323487830054756,0.05213317362217562,0.06943541561064938,0.009010757087256325
71,4733,3066.69319784415,157,0.05119520926004897,0.043500323555673376,0.05985907660711771,0.008592436395905042
72,4524,2956.169690845123,186,0.06291925682616192,0.05420156931778291,0.07264005565273389,0.008282765312795355
73,4128,2684.9742488210195,144,0.05363179928568434,0.04523001337952897,0.06314157874027423,0.007522914412780451
74,3607,2429.188624897073,130,0.05351581127443663,0.04471231981963777,0.06354568019303874,0.0068062396224563195
75,3391,2286.63417171944,141,0.06166268384503968,0.051905043902616604,0.072721701748298,0.0064068224023891415
76,3228,2165.657618833745,138,0.0637219839368312,0.05353427553359226,0.0752841679062435,0.006067863377470404
77,2805,1941.999247698181,113,0.05818745817432061,0.047954701100725326,0.06995737273950522,0.0054412045614711255
78,2567,1720.461187963171,114,0.06626130295619337,0.054657403968108795,0.07960006569411027,0.004820486555221442
79,2224,1553.9939127180178,105,0.06756783224224439,0.05526379261683862,0.08179498055208956,0.0043540690226332055
80,1922,1379.3312426079797,93,0.06742397846666594,0.05441985246511452,0.08259892874601775,0.003864689163991175
81,1574,1148.175579010405,53,0.04616018749125451,0.03457714800603479,0.06037866176265016,0.003217024005177228
82,1210,909.5129089003668,57,0.06267090817755958,0.04746633383699886,0.08119743071294085,0.0025483252861664757
83,848,651.5355715248147,46,0.07060243831713496,0.05168985836054111,0.09417375872047702,0.0018255096277423953
84,577,441.5218579234973,27,0.06115212534886167,0.04029963593523337,0.08897313177181099,0.0012370811936050319
85,370,281.4927397260274,13,0.04618236339826278,0.024590163489619062,0.07897324790612852,0.0007887024576521927
86,319,250.28914065424058,24,0.09588909825358567,0.061437954577219206,0.14267537736718897,0.000701274429137266
87,280,218.0,13,0.05963302752293578,0.031752075646806426,0.10197429320256364,0.000610804868130957
88,229,185.61547945205479,10,0.053874817065475616,0.02583506887619845,0.0990777067532672,0.0005200680662833793
89,198,162.41,21,0.1293023828581984,0.0800402129430219,0.19765242740559943,0.000455049626757563
90,167,138.25,8,0.05786618444846293,0.024982511224220624,0.1140194518639661,0.0003873567569683707
91,121,95.51273972602739,8,0.08375846010644783,0.0361609580738194,0.16503755693124375,0.0002676130568494614
92,66,55.795464480874315,0,0.0,0.0,0.0661143246755911,0.00015633092350709145
93,55,45.89,1,0.021791239921551537,0.0005517064280734338,0.12141301788927648,0.00012857722659875972
94,32,23.67,1,0.042247570764681025,0.0010696158844228929,0.23538839843425846,6.631995976449429e-05
95,24,17.97,2,0.11129660545353368,0.013478535255646353,0.402041606439842,5.0349373762905034e-05
96,15,13.25,0,0.0,0.0,0.2784059965369008,3.712460781071184e-05
97,10,8.6,0,0.0,0.0,0.4289394714085972,2.409597186204693e-05
98,5,4.15,0,0.0,0.0,0.8888866154491409,1.1627707352034275e-05
100,3,1.73,0,0.0,0.0,2.1323002624936045,4.847212944341998e-06
