Klasse,Policen,Exposure,Schaeden,Frequenz,KI_unten,KI_oben,Anteil_Exposure,min,max,median
0,30883,18930.084986151658,907,0.04791314992317877,0.04484531622480533,0.05113558882742,0.053039394787496204,1,18,13.0
1,31070,18598.620555430796,1022,0.054950311876843794,0.05163258709082498,0.05842529682869149,0.0521106787879707,19,30,25.0
2,30641,17900.26543678419,1037,0.057932101826211724,0.05445934419726928,0.06156824260067331,0.05015398747533988,31,44,38.0
3,27797,16445.881138558274,962,0.05849488950425028,0.054856418456270095,0.062311262536074885,0.04607901036758935,45,57,51.0
4,31905,17455.865232427575,1092,0.0625577698647331,0.058901947295360725,0.06638109099868532,0.04890884156607652,58,79,67.0
5,31471,17918.964313197095,1151,0.06423362309797687,0.060575914895144294,0.06805445842004572,0.05020637905672328,80,104,91.0
6,32622,17899.35654016019,1210,0.06760019541960423,0.06384445067970751,0.0715192064785708,0.050151440876796,105,136,118.0
7,34496,18972.809583801183,1200,0.06324840792291245,0.059720038321522895,0.06693081260275974,0.053159103008749715,137,182,159.0
8,30617,16683.163524215885,1161,0.06959111791446446,0.06564518795425815,0.0737122511822999,0.04674384172667832,183,232,211.0
9,32536,17681.171205180028,1196,0.06764257786552112,0.06386286086131272,0.07158758511254125,0.04954011672651771,233,301,270.0
10,34918,18512.36258477431,1272,0.06871084088673642,0.06498628068379106,0.0725932238759337,0.051868996272410706,302,405,369.0
11,32596,17259.421536791677,1271,0.07364093850368197,0.0696475877293067,0.0778035697696342,0.04835843438438825,406,568,478.0
12,34428,17765.39058237892,1385,0.07796057134672565,0.07390833909863968,0.08217719834993853,0.04977608739433441,569,747,657.0
13,35743,17865.875483943408,1634,0.09145927393642278,0.08707797168792211,0.09600393025331816,0.05005763173859702,748,1064,883.0
14,34672,17900.772901414777,1492,0.08334835642108396,0.07917228951707533,0.0876875214567715,0.050155409318765415,1066,1370,1313.0
15,35751,17774.50796017666,1534,0.08630337354130357,0.08203810427551868,0.09073288001157717,0.04980163298490069,1374,2019,1601.0
16,39329,18232.036918182497,1702,0.09335215849100353,0.0889693444842621,0.09789501921651224,0.051083563787014674,2020,3301,2715.0
17,36931,17762.33749157871,1728,0.09728449314845307,0.09275114143788922,0.10198211375428617,0.04976753306991416,3302,3963,3599.0
18,38945,17559.453187364325,1693,0.09641530302425776,0.0918768048752872,0.10111998176355788,0.049199080222751275,3973,6570,4456.0
19,39100,17787.78610375028,1734,0.09748262037142513,0.09294780894242297,0.10218146340066474,0.04983883644698559,6595,27000,9307.0
