BonusMalus,Policen,Exposure,Schaeden,Frequenz,KI_unten,KI_oben,Anteil_Exposure
50,383238,224291.51817052174,11569,0.05158019391176645,0.05064452062977545,0.05252881197691534,0.6284328035735673
51,15826,8314.025595478703,419,0.050396765704914206,0.04568616256877148,0.05546120918152132,0.023294712419650324
52,4755,2709.6052174563965,260,0.09595493776177155,0.08464483162768785,0.10835543163296903,0.007591926869428475
53,3343,1631.880809192305,160,0.09804637636445493,0.08344267670755451,0.11447058349723127,0.004572296983780483
54,17304,8643.74740848866,457,0.05287058707328717,0.04813372953390713,0.05794755558005478,0.024218545853207422
55,5573,3097.2082835541582,340,0.109776278788018,0.09841647535138581,0.12208759300984837,0.008677935308304612
56,3446,1775.150497791751,216,0.12167982391842233,0.10599273524617582,0.13903454865401801,0.004973718191359143
57,17887,8783.395709259676,484,0.055103972998706535,0.05030350815454517,0.06023899572462202,0.024609820449249406
58,5957,3205.158086683135,552,0.17222239436284356,0.15815307862858338,0.1872076579755493,0.008980395240712674
59,2772,1441.361379594281,138,0.09574281783437591,0.0804357001092282,0.11311509668006234,0.004038488749505226
60,17313,8100.78402575043,538,0.06641332472138849,0.060919215989698225,0.07226990331543745,0.02269723999360484
61,1719,754.7032053297403,90,0.11925217670259894,0.09589283259965253,0.14658117125867076,0.0021145706046304708
62,7170,3741.8620518002845,1060,0.283281421208463,0.2664824495076649,0.3008618949175135,0.010484163106028005
63,3164,1596.6569361479153,251,0.15720346325965368,0.13835536766616657,0.1779026637624942,0.004473604721716538
64,18145,8313.942548843477,535,0.06434973502125317,0.05901175719622586,0.07004090350400063,0.02329447973483804
65,1527,711.8749015644884,115,0.16154523743885948,0.13337216139013913,0.1939105920374067,0.001994571813650621
66,1343,611.0357010255259,72,0.11783272217835962,0.0921968480657318,0.14839081234120907,0.0017120347742578131
67,2775,1363.7541889362976,229,0.16791882427038823,0.14687292862137383,0.1911340438849903,0.003821044484111356
68,18737,8196.274466651696,598,0.0729599774181662,0.06722871911419222,0.07904922053087746,0.02296479057233174
69,1096,573.4256014671757,84,0.14648805317564526,0.11684460820785543,0.18136217759339227,0.0016066566462709772
70,1111,487.54389774683733,78,0.1599855938315987,0.1264619729422514,0.19966926157984363,0.0013660283769326136
71,2054,943.1022688824014,205,0.21736773069471022,0.18862896527042897,0.2492472294147034,0.0026424378760491816
72,18539,8053.824748109889,640,0.0794653496961426,0.07342725445946834,0.085867597441351,0.022565666803757337
73,984,467.85018414551985,100,0.2137436371488016,0.17391035422915582,0.259969532799405,0.001310849403816735
74,668,299.84930009731266,49,0.16341542229412445,0.12089562902786322,0.21604385460261036,0.000840134918372013
75,1342,576.2748192229957,141,0.24467492817075276,0.20595702451887518,0.28855664467077935,0.001614639747535289
76,18184,7821.301736656936,677,0.08655848128541459,0.08016017527476663,0.09333163020351894,0.021914170531519107
77,977,488.5947496070065,183,0.37454352538006835,0.32224164650051,0.4329157526047488,0.0013689727137760808
78,638,308.950251515832,76,0.24599429722783514,0.19381552720110054,0.30789854514313914,0.0008656344845695128
79,251,88.88643835616439,13,0.14625403200327952,0.07787411239572696,0.25009884892769096,0.0002490471066915937
80,18062,7387.723333333333,705,0.0954285871560792,0.08851345115941503,0.10274046411874253,0.020699345763324134
81,530,221.33273224043717,37,0.16716912869356498,0.11770249390318814,0.23042062340119285,0.0006201427079320397
82,294,127.59368365895651,33,0.2586334922989234,0.17803139560925513,0.36321758209475546,0.00035749928037455035
83,437,214.9128467699678,55,0.2559176932725167,0.19279222993954798,0.33311205473252076,0.0006021551056466916
84,119,50.41820420690171,11,0.21817516456673436,0.10891225607129337,0.39037563560440525,0.00014126460812842324
85,16869,6972.049071786811,758,0.1087198314577752,0.10111689749355456,0.11674297376122228,0.019534685843556443
86,314,141.45368365895652,30,0.21208355430551892,0.14309188349043966,0.302762461089828,0.00039633302107315165
87,180,78.23641589939366,9,0.11503594453474639,0.052601759041089054,0.2183740558027221,0.0002192072646626966
88,318,145.04643835616437,52,0.3585058729419676,0.26774933352791785,0.47013275550709044,0.00040639940666514665
89,53,18.43,6,0.32555615843733043,0.11947337240861915,0.7085986989972157,5.1638228071805225e-05
90,16552,7223.936401676772,721,0.09980708022742922,0.09265386101210639,0.10736597926535521,0.020240438170700006
91,184,68.1627397260274,25,0.3667692950794633,0.23735374946573087,0.5414238313463582,0.00019098226261376566
92,131,61.558196721311475,10,0.16244790348996685,0.07790008401061994,0.29874747834598325,0.00017247727628779894
93,205,93.52010704394041,23,0.24593641653118994,0.1559025914095057,0.3690253784527632,0.0002620299846356285
94,43,15.49,2,0.1291155584247902,0.015636493127434793,0.46640979133143706,4.340076792361709e-05
95,16709,6757.516912942586,944,0.1396962837328559,0.1309258432886009,0.14889973113453686,0.01893359737111288
96,132,61.19,33,0.5393038078117339,0.37123192633975877,0.757383057185313,0.00017144564165565715
97,105,52.29095890410959,19,0.3633515314730015,0.2187613576821922,0.5674184255445683,0.00014651179934800895
98,32,10.1,3,0.297029702970297,0.06125466563322786,0.8680468385883489,2.8298757651938837e-05
99,47,19.2,5,0.2604166666666667,0.08455658281866775,0.6077256291313892,5.37956581106164e-05
100,19511,6227.9433565386635,1319,0.21178741110662053,0.2005107809080928,0.22353308581713047,0.017449807892741597
101,107,57.50273224043716,22,0.38259051601254396,0.23976743947714707,0.5792466390614766,0.00016111444396004566
102,42,26.669999999999998,15,0.562429696287964,0.31478763152543365,0.9276422523991693,7.472553134427809e-05
103,29,12.738196721311475,6,0.4710242847766496,0.1728576109840571,1.025221568502683,3.569060811278369e-05
104,13,6.36,3,0.4716981132075471,0.09727549102132096,1.3785020549909313,1.7819811749141683e-05
105,30,14.47,8,0.55286800276434,0.23868916218026962,1.0893703676705813,4.0542873586490594e-05
106,1668,749.012161838461,200,0.2670183612360808,0.23129248296347432,0.30669993542106716,0.002098625113487267
107,40,23.52,7,0.2976190476190476,0.119658293006797,0.6132089864669378,6.58996811855051e-05
108,17,9.62,3,0.31185031185031187,0.06431103148602925,0.9113589469586616,2.6953866199173424e-05
109,11,4.76,1,0.21008403361344538,0.00531886722359031,1.1705133174241382,1.333684023992365e-05
110,30,15.11,5,0.3309066843150232,0.10744449967693055,0.772225815971057,4.23360621901778e-05
111,17,5.97,0,0.0,0.0,0.6179027561329875,1.6727087443769786e-05
112,1701,791.1904431469421,260,0.32861873175041884,0.2898847924614086,0.37108694301797124,0.0022168026343708323
113,47,15.75,3,0.19047619047619047,0.03928076970765723,0.556652258396338,4.4129250793865015e-05
114,24,9.3,2,0.2150537634408602,0.026044008445587626,0.7768481363144042,2.605727189732982e-05
115,28,17.528196721311478,9,0.513458408933615,0.23478588030534253,0.9747039996788023,4.911150406850519e-05
116,14,6.8,3,0.4411764705882353,0.0909811945434708,1.2893048631974005,1.905262891417664e-05
117,8,2.8200000000000003,1,0.35460992907801414,0.008977946093719814,1.975760067708829,7.901237284996784e-06
118,1644,769.7812725503406,248,0.32216943805135473,0.2833171613626969,0.3648616954178169,0.002156817195732987
119,52,21.16,1,0.04725897920604915,0.0011964937610723003,0.26331017915590255,5.928729820940849e-05
120,25,7.11,1,0.14064697609001406,0.0035608731342179852,0.783634794787468,1.9921204644087637e-05
121,9,4.598219178082191,3,0.6524264903029763,0.13454602726302292,1.9066670661399283,1.2883553480301516e-05
122,3,1.49,1,0.6711409395973155,0.016991817439120722,3.739357980495905,4.174767217959294e-06
123,1,0.1,0,0.0,0.0,36.888794541139355,2.801857193261271e-07
124,2,0.99,0,0.0,0.0,3.726140862741349,2.7738386213286584e-06
125,1417,617.0748716221274,289,0.4683386300276579,0.41589383955998077,0.525566387047958,0.001728955667835233
126,21,8.51,2,0.23501762632197415,0.028461724858280253,0.8489644732930623,2.3843804714653415e-05
128,1,0.58,0,0.0,0.0,6.360136989851613,1.625077172091537e-06
130,3,1.24,1,0.8064516129032259,0.020417587084104738,4.493260799144273,3.474302919643976e-06
132,113,49.712739726027394,18,0.36208022529436246,0.214591688955221,0.572242858154808,0.0001392879973980952
133,78,30.78,8,0.2599090318388564,0.11221027214907411,0.5121244061141427,8.624116440858193e-05
135,1,0.44,0,0.0,0.0,8.383816941168035,1.2328171650349592e-06
136,1,0.48,0,0.0,0.0,7.685165529404032,1.34489145276541e-06
138,11,5.792739726027397,1,0.17262988625345851,0.004370610312514865,0.9618321648226158,1.6230429470060188e-05
139,52,26.110936447338872,8,0.30638502820971514,0.13227530861308895,0.6037006467380007,7.315911510776431e-05
140,118,63.46819672131147,27,0.4254099122834207,0.28034781277770493,0.618949087487961,0.00017782882352692796
141,6,2.2327322404371586,0,0.0,0.0,1.6521817472352485,6.255796888495206e-06
142,4,2.11,0,0.0,0.0,1.7482841014757988,5.911918677781281e-06
144,4,1.4,0,0.0,0.0,2.6349138957956684,3.922600070565779e-06
147,121,53.87462759188562,28,0.5197251702992235,0.34535360126850995,0.751147576366046,0.00015094901285259686
148,63,31.072739726027397,16,0.5149208000670102,0.2943217281217432,0.8361991194422053,8.706137931570512e-05
149,1,0.12,0,0.0,0.0,30.74066211761613,3.362228631913525e-07
151,1,0.38,0,0.0,0.0,9.707577510826146,1.064705733439283e-06
156,139,62.308196721311475,33,0.5296253420332562,0.3645697158325932,0.7437908928171245,0.00017457866918274488
158,4,3.04,3,0.9868421052631579,0.20351056674197412,2.883971404520501,8.517645867514264e-06
162,2,0.57,0,0.0,0.0,6.471718340550765,1.5970586001589242e-06
163,1,0.24,0,0.0,0.0,15.370331058808064,6.72445726382705e-07
165,11,4.9399999999999995,5,1.0121457489878543,0.3286409696595994,2.3620105423730107,1.3841174534710677e-05
166,2,0.9099999999999999,0,0.0,0.0,4.053713685839489,2.549690045867756e-06
173,7,5.47,4,0.7312614259597806,0.19924412680554385,1.8723196847173116,1.5326158847139152e-05
174,2,0.18000000000000002,0,0.0,0.0,20.493774745077417,5.043342947870288e-07
175,3,0.81,0,0.0,0.0,4.554172165572759,2.2695043265416296e-06
176,3,1.9500000000000002,1,0.5128205128205128,0.012983491273994808,2.8572530209943063,5.4636215268594784e-06
177,2,1.12,0,0.0,0.0,3.293642369744585,3.1380800564526236e-06
183,6,2.12,0,0.0,0.0,1.7400374783556298,5.939937249713895e-06
185,5,2.42,0,0.0,0.0,1.5243303529396428,6.780494407692275e-06
187,3,2.56,2,0.78125,0.09461299943123631,2.8221436202046717,7.1727544147488536e-06
190,3,0.87,2,2.2988505747126435,0.27840146959076434,8.304238698533288,2.4376157581373057e-06
195,6,1.76,0,0.0,0.0,2.095954235292009,4.931268660139837e-06
196,3,2.09,2,0.9569377990430623,0.11588960695883492,3.4567883577626604,5.855881533916056e-06
198,2,0.6,0,0.0,0.0,6.148132423523226,1.6811143159567625e-06
208,1,0.25,1,4.0,0.1012712319371595,22.286573563755592,7.004642983153177e-07
218,1,0.05,0,0.0,0.0,73.77758908227871,1.4009285966306356e-07
228,1,0.24,1,4.166666666666667,0.10549086660120782,23.215180795578743,6.72445726382705e-07
230,1,0.25,0,0.0,0.0,14.755517816455741,7.004642983153177e-07
