Region,Policen,Exposure,Schaeden,Frequenz,KI_unten,KI_oben,Anteil_Exposure
Midi-Pyrenees,17058,6931.428554532525,364,0.052514427168404855,0.047257537434467825,0.058196232768893144,0.019420872955093527
Lorraine,12985,8108.007972153604,468,0.057720712856636776,0.05260903176844139,0.06319491195587203,0.022717480459798305
Auvergne,5279,2314.274228609926,141,0.06092622829952696,0.05128512671707493,0.07185316510357062,0.0064842658946099
Centre,160380,102522.46338573247,6473,0.06313738264019136,0.06160855147567539,0.06469456334824568,0.2872533015081798
Champagne-Ardenne,3019,1197.3915090949922,77,0.06430645233003017,0.05074964653822821,0.08037203184517336,0.0033549200129077725
Bretagne,42081,27721.993674676247,1869,0.06741939349431827,0.06439717444991988,0.07054683220986036,0.07767306738893509
Franche-Comte,1323,560.772946328318,38,0.06776361136678656,0.047953564488562424,0.09301085093488529,0.0015712057134563144
Basse-Normandie,10872,6632.55114230107,451,0.06799796794986068,0.061866361962368784,0.0745728623292993,0.018583461127729514
Bourgogne,10468,4999.728609177334,343,0.06860372368420173,0.06153477856657391,0.07626206039030017,0.014008525567977683
Haute-Normandie,8772,3164.8821813009954,219,0.06919688868480253,0.060335147327028785,0.07899384853974979,0.008867547905502616
Poitou-Charentes,19019,11140.458715472714,800,0.07181032850010918,0.06691977521672156,0.07696377726248678,0.031213974388177444
Pays-de-la-Loire,38687,21882.91296803653,1574,0.07192826669370193,0.06841833551264488,0.07557158586947504,0.061312797109003496
Languedoc-Roussillon,35594,14499.784176959352,1055,0.07275970367037812,0.06843489825755764,0.07728619093399686,0.040626324596949516
Aquitaine,31262,14256.176692117673,1053,0.0738627208922158,0.06946824889451506,0.07846232304176233,0.039943771213213575
Corse,4516,1765.9353993562393,132,0.07474792115731967,0.0625409675000138,0.08864149757070441,0.004947898801520994
Alsace,2192,1200.6358230406468,92,0.0766260661513557,0.06177142422623815,0.09397506790687879,0.0033640101172736025
Limousin,4561,2391.784542256157,197,0.0823652785272084,0.071264630015,0.09470490918218225,0.006701438724451529
Nord-Pas-de-Calais,27165,11372.544269032112,940,0.08265520694077728,0.0774550803526118,0.08811263030540312,0.03186424496586987
Provence-Alpes-Cotes-D'Azur,79003,35444.48101504604,2977,0.08399050895219133,0.08100022505958851,0.08706295570891166,0.0993103740934193
Ile-de-France,69666,30079.31195448761,2581,0.0858064840015376,0.08252773201588243,0.08918209796142561,0.08427793656803084
Picardie,7985,3563.840220824912,314,0.088107204740879,0.07863034432812167,0.0984115846679556,0.009985371358352117
Rhone-Alpes,84564,45154.76728572498,4225,0.09356708613435091,0.09076676438908084,0.09643183850094789,0.12651720952954723
