VehAge,Policen,Exposure,Schaeden,Frequenz,KI_unten,KI_oben,Anteil_Exposure
0,57552,16510.83872894678,1174,0.07110480692551038,0.06709510919386102,0.07529152698551965,0.04626101225947631
1,71202,32662.397618833744,2322,0.07109092318014927,0.0682284769292588,0.07404260301534722,0.09151537371748913
2,59050,29627.198999925145,2236,0.07547119118502053,0.07237508996147182,0.07866568064565681,0.0830111806341234
3,50208,26023.30286099259,1870,0.07185867259005853,0.06863830491785812,0.0751911279957893,0.0729135783134887
4,43432,23693.905715248147,1789,0.07550464754524173,0.0720460122880294,0.07908641138198762,0.06638694016472237
5,38684,22141.82520023954,1676,0.07569385020625438,0.07211295245239528,0.0794065419701237,0.06203823220922483
6,35669,20739.41290665469,1670,0.08052301227216246,0.07670690375653784,0.0844798288494844,0.05810887323652608
7,32819,19184.054346133693,1655,0.08626956378141958,0.08216285568380441,0.09052839354193334,0.05375098066562983
8,32636,19183.4146328318,1486,0.0774627472971761,0.07357384430857046,0.08150384599517259,0.0537491882803133
9,31852,18707.780709633953,1545,0.08258595842981903,0.07851878344715446,0.08680917260138063,0.05241652995124234
10,38310,20861.53376525189,1639,0.07856565190475151,0.07480768608687956,0.08246351283948054,0.05845103844263389
11,29368,17486.278346433115,1380,0.07891902282806193,0.07480964648563883,0.08319542066382107,0.04899405476832243
12,28984,17215.959237966912,1389,0.08068095310871748,0.076493283489834,0.0850382618018695,0.048236659229790424
13,27281,15939.726548394341,1091,0.06844533980477224,0.0644436474815951,0.07263046349539529,0.044660837488236335
14,24514,14185.485876188337,975,0.06873222450819458,0.0644851181909584,0.07318556595572133,0.03974570564210445
15,23563,12779.27539785912,828,0.0647924060028249,0.06045374865776536,0.0693601993028192,0.035805704698158365
16,15231,8790.778594206153,544,0.06188302824035869,0.05679139447934332,0.06730865510537597,0.024630506238543712
17,11130,6426.9234538513365,418,0.0650388950485342,0.05895259857504877,0.07158293682700285,0.018007321709712937
18,8164,4716.555835017592,243,0.051520645254715544,0.04524595640895435,0.05842218337811075,0.01321511589376246
19,5410,3096.7810404970433,138,0.044562401472804984,0.03743787828779163,0.05264813032359134,0.008676738234271763
20,3353,1987.279683359533,112,0.056358448656135776,0.046405372280895064,0.06781385852257721,0.0055680738758428884
21,2195,1287.5305801332436,54,0.04194075141455022,0.031507183284413036,0.054723582865440865,0.003607476817490186
22,1418,843.603920203608,38,0.045044835721992034,0.03187640668941635,0.061827556356863565,0.0023636577120858863
23,920,571.2236911445467,24,0.042015064101966426,0.026919844350074912,0.06251508497870908,0.0016004872079946027
24,654,418.5564383561644,19,0.045394117158059896,0.02733022387445078,0.07088853701095768,0.0011727353675940369
25,492,302.85915562542107,18,0.059433567272645246,0.035224098668470614,0.09393065964534494,0.0008485681037341208
26,366,228.10831873643238,13,0.05699046870369003,0.030345024369767798,0.09745543714188246,0.0006391269336944078
27,324,208.93821169249196,3,0.014358311845873824,0.0029610290902946064,0.04196108025776392,0.0005854150313777548
28,275,185.7682191780822,7,0.03768136461107817,0.015149862898895233,0.07763801271021728,0.000520496021183446
29,280,177.02462759188563,2,0.011297863055590322,0.0013682236298915237,0.04081176594467877,0.0004959977262027224
30,248,164.53,7,0.0425454324439312,0.01710547044016207,0.08765985146600849,0.0004609895640072769
31,216,128.37819672131147,2,0.015578969412864399,0.0018866854709741916,0.056276594096485104,0.00035969737394151704
32,152,92.17,3,0.03254855158945427,0.006712293836341557,0.09512067993644703,0.00025824717750289137
33,123,81.62,2,0.024503798088703746,0.0029675236283259613,0.08851614393192796,0.00022868758411398495
34,103,70.67821169249196,0,0.0,0.0,0.05219259748907597,0.00019803025583745146
35,94,60.05,4,0.06661115736885928,0.018149298478373436,0.17055101874111064,0.0001682515244553393
36,71,51.86819672131148,5,0.09639818455353417,0.0313002281309573,0.224961205842894,0.00014532728008509723
37,47,32.33,0,0.0,0.0,0.1141008182528282,9.058404305813689e-05
38,36,23.32,0,0.0,0.0,0.15818522530505727,6.533930974685283e-05
39,25,16.86,2,0.11862396204033215,0.014365912131907767,0.4285105378246714,4.723931227838503e-05
